Date,TmaxF,TminF,TmeanF,PrcpIn,SnowIn,CDD,HDD,GDD
1/1/2005,41,25,33,0.31,0,0,32,0
1/2/2005,54,33,43.5,0.08,0,0,21.5,0
1/3/2005,36,32,34,0.36,0,0,31,0
1/4/2005,35,30,32.5,0.05,1.2,0,32.5,0
1/5/2005,31,26,28.5,0.38,6.2,0,36.5,0
1/6/2005,27,12,19.5,0.19,2.4,0,45.5,0
1/7/2005,28,7,17.5,T,T,0,47.5,0
1/8/2005,27,24,25.5,T,T,0,39.5,0
1/9/2005,34,26,30,T,0,0,35,0
1/10/2005,35,29,32,T,T,0,33,0
1/11/2005,36,30,33,0.13,T,0,32,0
1/12/2005,62,34,48,0.89,0,0,17,0
1/13/2005,46,15,30.5,0.63,1,0,34.5,0
1/14/2005,15,4,9.5,0,0,0,55.5,0
1/15/2005,15,4,9.5,0,0,0,55.5,0
1/16/2005,14,3,8.5,0,0,0,56.5,0
1/17/2005,11,2,6.5,0,0,0,58.5,0
1/18/2005,23,1,12,0.09,1.2,0,53,0
1/19/2005,35,23,29,T,T,0,36,0
1/20/2005,28,23,25.5,0.09,1.5,0,39.5,0
1/21/2005,24,17,20.5,0.26,4.8,0,44.5,0
1/22/2005,23,11,17,0.46,6.2,0,48,0
1/23/2005,23,8,15.5,T,0.2,0,49.5,0
1/24/2005,31,21,26,0,0,0,39,0
1/25/2005,43,23,33,0,0,0,32,0
1/26/2005,35,17,26,0.02,0.3,0,39,0
1/27/2005,21,5,13,0.06,2.8,0,52,0
1/28/2005,27,2,14.5,0,0,0,50.5,0
1/29/2005,35,20,27.5,0,0,0,37.5,0
1/30/2005,35,25,30,0,0,0,35,0
1/31/2005,37,19,28,0,0,0,37,0
2/1/2005,34,22,28,0,0,0,37,0
2/2/2005,36,16,26,0,0,0,39,0
2/3/2005,44,15,29.5,0,0,0,35.5,0
2/4/2005,50,22,36,0,0,0,29,0
2/5/2005,55,36,45.5,0,0,0,19.5,0
2/6/2005,47,39,43,0.02,0,0,22,0
2/7/2005,45,33,39,0.19,0,0,26,0
2/8/2005,33,25,29,T,T,0,36,0
2/9/2005,31,24,27.5,0.01,0.4,0,37.5,0
2/10/2005,32,22,27,T,T,0,38,0
2/11/2005,42,23,32.5,0.01,0.1,0,32.5,0
2/12/2005,51,33,42,0,0,0,23,0
2/13/2005,41,35,38,0.6,0,0,27,0
2/14/2005,49,37,43,0.16,0,0,22,0
2/15/2005,42,33,37.5,0.26,T,0,27.5,0
2/16/2005,33,26,29.5,T,T,0,35.5,0
2/17/2005,27,17,22,T,T,0,43,0
2/18/2005,26,11,18.5,0,0,0,46.5,0
2/19/2005,41,22,31.5,T,T,0,33.5,0
2/20/2005,37,31,34,0.42,1,0,31,0
2/21/2005,36,33,34.5,0,0,0,30.5,0
2/22/2005,36,21,28.5,T,0.1,0,36.5,0
2/23/2005,36,20,28,0,0,0,37,0
2/24/2005,36,27,31.5,T,T,0,33.5,0
2/25/2005,41,27,34,T,T,0,31,0
2/26/2005,33,25,29,T,T,0,36,0
2/27/2005,40,26,33,0.2,0,0,32,0
2/28/2005,35,26,30.5,0.32,1.1,0,34.5,0
3/1/2005,27,19,23,T,0.1,0,42,0
3/2/2005,27,13,20,0,0,0,45,0
3/3/2005,34,14,24,0,0,0,41,0
3/4/2005,44,20,32,0.03,0,0,33,0
3/5/2005,41,35,38,0,0,0,27,0
3/6/2005,64,35,49.5,T,0,0,15.5,0
3/7/2005,57,27,42,0.02,T,0,23,0
3/8/2005,30,18,24,T,T,0,41,0
3/9/2005,30,18,24,0,0,0,41,0
3/10/2005,37,20,28.5,0.17,1.5,0,36.5,0
3/11/2005,35,25,30,0.05,0.6,0,35,0
3/12/2005,34,18,26,T,T,0,39,0
3/13/2005,33,13,23,0,0,0,42,0
3/14/2005,36,21,28.5,T,T,0,36.5,0
3/15/2005,41,21,31,0,0,0,34,0
3/16/2005,50,24,37,T,0,0,28,0
3/17/2005,35,29,32,0.06,0.6,0,33,0
3/18/2005,44,33,38.5,0.02,0,0,26.5,0
3/19/2005,51,33,42,0.11,0,0,23,0
3/20/2005,41,27,34,0,0,0,31,0
3/21/2005,38,26,32,0,0,0,33,0
3/22/2005,42,31,36.5,0.02,T,0,28.5,0
3/23/2005,40,27,33.5,0.1,0.3,0,31.5,0
3/24/2005,50,22,36,0.09,0,0,29,0
3/25/2005,39,33,36,0.19,0.1,0,29,0
3/26/2005,44,30,37,T,T,0,28,0
3/27/2005,49,26,37.5,0,0,0,27.5,0
3/28/2005,60,27,43.5,0,0,0,21.5,0
3/29/2005,71,33,52,0,0,0,13,2
3/30/2005,77,54,65.5,0.62,0,0.5,0,15.5
3/31/2005,59,39,49,T,0,0,16,0
4/1/2005,56,34,45,0.15,0,0,20,0
4/2/2005,56,30,43,0.03,0,0,22,0
4/3/2005,64,31,47.5,0,0,0,17.5,0
4/4/2005,68,36,52,0,0,0,13,2
4/5/2005,76,47,61.5,0,0,0,3.5,11.5
4/6/2005,80,45,62.5,0.02,0,0,2.5,12.5
4/7/2005,54,41,47.5,0.01,0,0,17.5,0
4/8/2005,61,36,48.5,0,0,0,16.5,0
4/9/2005,68,35,51.5,0,0,0,13.5,1.5
4/10/2005,79,44,61.5,0,0,0,3.5,11.5
4/11/2005,76,53,64.5,T,0,0,0.5,14.5
4/12/2005,54,42,48,0.63,0,0,17,0
4/13/2005,54,39,46.5,0,0,0,18.5,0
4/14/2005,63,33,48,0,0,0,17,0
4/15/2005,63,33,48,0,0,0,17,0
4/16/2005,74,37,55.5,T,0,0,9.5,5.5
4/17/2005,76,47,61.5,0.02,0,0,3.5,11.5
4/18/2005,83,45,64,0,0,0,1,14
4/19/2005,81,60,70.5,0,0,5.5,0,20.5
4/20/2005,70,43,56.5,T,0,0,8.5,6.5
4/21/2005,57,42,49.5,0,0,0,15.5,0
4/22/2005,46,38,42,0.67,0,0,23,0
4/23/2005,42,35,38.5,T,T,0,26.5,0
4/24/2005,54,33,43.5,0,0,0,21.5,0
4/25/2005,67,39,53,T,0,0,12,3
4/26/2005,57,43,50,T,0,0,15,0
4/27/2005,55,40,47.5,T,0,0,17.5,0
4/28/2005,57,38,47.5,T,0,0,17.5,0
4/29/2005,53,39,46,0,0,0,19,0
4/30/2005,58,34,46,0,0,0,19,0
5/1/2005,49,35,42,T,0,0,23,0
5/2/2005,44,35,39.5,T,T,0,25.5,0
5/3/2005,52,33,42.5,0,0,0,22.5,0
5/4/2005,62,33,47.5,0,0,0,17.5,0
5/5/2005,70,38,54,0,0,0,11,4
5/6/2005,76,50,63,0.03,0,0,2,13
5/7/2005,60,45,52.5,0,0,0,12.5,2.5
5/8/2005,85,43,64,0,0,0,1,14
5/9/2005,77,62,69.5,0.15,0,4.5,0,19.5
5/10/2005,82,60,71,0,0,6,0,21
5/11/2005,64,43,53.5,0.3,T,0,11.5,3.5
5/12/2005,55,42,48.5,0.07,0,0,16.5,0
5/13/2005,73,49,61,T,0,0,4,11
5/14/2005,64,47,55.5,0.06,0,0,9.5,5.5
5/15/2005,54,41,47.5,0,0,0,17.5,0
5/16/2005,60,44,52,0,0,0,13,2
5/17/2005,71,49,60,T,0,0,5,10
5/18/2005,75,57,66,T,0,1,0,16
5/19/2005,72,51,61.5,1.27,0,0,3.5,11.5
5/20/2005,68,47,57.5,0,0,0,7.5,7.5
5/21/2005,73,43,58,T,0,0,7,8
5/22/2005,80,57,68.5,T,0,3.5,0,18.5
5/23/2005,70,52,61,T,0,0,4,11
5/24/2005,67,47,57,0,0,0,8,7
5/25/2005,69,47,58,0,0,0,7,8
5/26/2005,75,56,65.5,T,0,0.5,0,15.5
5/27/2005,70,48,59,0.1,0,0,6,9
5/28/2005,68,48,58,0.01,0,0,7,8
5/29/2005,70,43,56.5,0,0,0,8.5,6.5
5/30/2005,74,46,60,0,0,0,5,10
5/31/2005,72,46,59,0,0,0,6,9
6/1/2005,80,50,65,0,0,0,0,15
6/2/2005,76,56,66,0.01,0,1,0,16
6/3/2005,73,60,66.5,0,0,1.5,0,16.5
6/4/2005,86,57,71.5,0.39,0,6.5,0,21.5
6/5/2005,87,68,77.5,0.01,0,12.5,0,27.5
6/6/2005,89,66,77.5,0,0,12.5,0,27.5
6/7/2005,92,61,76.5,0.02,0,11.5,0,26.5
6/8/2005,89,66,77.5,0.24,0,12.5,0,27.5
6/9/2005,89,64,76.5,0,0,11.5,0,26.5
6/10/2005,88,67,77.5,0.02,0,12.5,0,27.5
6/11/2005,88,72,80,0,0,15,0,30
6/12/2005,80,70,75,T,0,10,0,25
6/13/2005,89,67,78,0.02,0,13,0,28
6/14/2005,80,67,73.5,0.01,0,8.5,0,23.5
6/15/2005,70,58,64,T,0,0,1,14
6/16/2005,79,53,66,0,0,1,0,16
6/17/2005,70,51,60.5,0,0,0,4.5,10.5
6/18/2005,71,53,62,0,0,0,3,12
6/19/2005,78,52,65,0,0,0,0,15
6/20/2005,86,52,69,0,0,4,0,19
6/21/2005,89,60,74.5,0,0,9.5,0,24.5
6/22/2005,85,59,72,0,0,7,0,22
6/23/2005,93,60,76.5,0,0,11.5,0,26.5
6/24/2005,96,76,86,0,0,21,0,36
6/25/2005,91,69,80,0,0,15,0,30
6/26/2005,93,70,81.5,0,0,16.5,0,31.5
6/27/2005,95,68,81.5,0,0,16.5,0,31.5
6/28/2005,94,76,85,T,0,20,0,35
6/29/2005,90,73,81.5,0.02,0,16.5,0,31.5
6/30/2005,91,72,81.5,0.02,0,16.5,0,31.5
7/1/2005,76,62,69,0,0,4,0,19
7/2/2005,75,54,64.5,0,0,0,0.5,14.5
7/3/2005,86,54,70,0,0,5,0,20
7/4/2005,87,67,77,0.1,0,12,0,27
7/5/2005,87,63,75,0,0,10,0,25
7/6/2005,80,64,72,0,0,7,0,22
7/7/2005,81,64,72.5,0,0,7.5,0,22.5
7/8/2005,85,60,72.5,0,0,7.5,0,22.5
7/9/2005,88,56,72,0,0,7,0,22
7/10/2005,91,60,75.5,0,0,10.5,0,25.5
7/11/2005,89,63,76,0,0,11,0,26
7/12/2005,85,72,78.5,0.03,0,13.5,0,28.5
7/13/2005,86,73,79.5,T,0,14.5,0,29.5
7/14/2005,87,71,79,0,0,14,0,29
7/15/2005,87,70,78.5,T,0,13.5,0,28.5
7/16/2005,93,68,80.5,0,0,15.5,0,30.5
7/17/2005,97,70,83.5,0,0,18.5,0,33.5
7/18/2005,91,75,83,0,0,18,0,33
7/19/2005,92,66,79,0,0,14,0,29
7/20/2005,92,63,77.5,0.6,0,12.5,0,27.5
7/21/2005,88,70,79,T,0,14,0,29
7/22/2005,86,64,75,0,0,10,0,25
7/23/2005,83,64,73.5,0.03,0,8.5,0,23.5
7/24/2005,102,78,90,0,0,25,0,40
7/25/2005,89,72,80.5,0.49,0,15.5,0,30.5
7/26/2005,84,66,75,0.7,0,10,0,25
7/27/2005,74,56,65,0,0,0,0,15
7/28/2005,79,53,66,0,0,1,0,16
7/29/2005,83,61,72,0,0,7,0,22
7/30/2005,86,59,72.5,0,0,7.5,0,22.5
7/31/2005,89,69,79,0,0,14,0,29
8/1/2005,93,69,81,0,0,16,0,31
8/2/2005,92,65,78.5,0,0,13.5,0,28.5
8/3/2005,93,74,83.5,T,0,18.5,0,33.5
8/4/2005,88,76,82,T,0,17,0,32
8/5/2005,84,62,73,0,0,8,0,23
8/6/2005,84,59,71.5,0,0,6.5,0,21.5
8/7/2005,89,58,73.5,0,0,8.5,0,23.5
8/8/2005,93,63,78,0,0,13,0,28
8/9/2005,95,65,80,0.2,0,15,0,30
8/10/2005,90,68,79,0.02,0,14,0,29
8/11/2005,77,67,72,0.18,0,7,0,22
8/12/2005,85,72,78.5,0.46,0,13.5,0,28.5
8/13/2005,75,68,71.5,0.01,0,6.5,0,21.5
8/14/2005,76,61,68.5,0,0,3.5,0,18.5
8/15/2005,82,60,71,0,0,6,0,21
8/16/2005,84,63,73.5,0,0,8.5,0,23.5
8/17/2005,84,58,71,0,0,6,0,21
8/18/2005,84,69,76.5,0.25,0,11.5,0,26.5
8/19/2005,88,69,78.5,0,0,13.5,0,28.5
8/20/2005,86,69,77.5,1.35,0,12.5,0,27.5
8/21/2005,82,65,73.5,0,0,8.5,0,23.5
8/22/2005,73,61,67,0,0,2,0,17
8/23/2005,73,58,65.5,0,0,0.5,0,15.5
8/24/2005,76,57,66.5,0,0,1.5,0,16.5
8/25/2005,81,63,72,0,0,7,0,22
8/26/2005,83,66,74.5,T,0,9.5,0,24.5
8/27/2005,84,67,75.5,T,0,10.5,0,25.5
8/28/2005,86,64,75,0,0,10,0,25
8/29/2005,85,62,73.5,0,0,8.5,0,23.5
8/30/2005,80,61,70.5,0,0,5.5,0,20.5
8/31/2005,80,62,71,0,0,6,0,21
9/1/2005,85,66,75.5,0,0,10.5,0,25.5
9/2/2005,83,61,72,0,0,7,0,22
9/3/2005,80,58,69,0,0,4,0,19
9/4/2005,84,56,70,0,0,5,0,20
9/5/2005,87,58,72.5,0,0,7.5,0,22.5
9/6/2005,87,60,73.5,0,0,8.5,0,23.5
9/7/2005,88,67,77.5,0.07,0,12.5,0,27.5
9/8/2005,80,64,72,0,0,7,0,22
9/9/2005,87,61,74,0,0,9,0,24
9/10/2005,92,67,79.5,0,0,14.5,0,29.5
9/11/2005,90,69,79.5,0,0,14.5,0,29.5
9/12/2005,90,68,79,0,0,14,0,29
9/13/2005,94,71,82.5,0.01,0,17.5,0,32.5
9/14/2005,76,57,66.5,0.16,0,1.5,0,16.5
9/15/2005,70,54,62,0.34,0,0,3,12
9/16/2005,70,54,62,0.01,0,0,3,12
9/17/2005,77,52,64.5,0,0,0,0.5,14.5
9/18/2005,81,54,67.5,0,0,2.5,0,17.5
9/19/2005,84,65,74.5,0.5,0,9.5,0,24.5
9/20/2005,83,55,69,0,0,4,0,19
9/21/2005,87,53,70,0,0,5,0,20
9/22/2005,87,63,75,0.71,0,10,0,25
9/23/2005,67,62,64.5,0,0,0,0.5,14.5
9/24/2005,71,63,67,0.13,0,2,0,17
9/25/2005,75,67,71,0.12,0,6,0,21
9/26/2005,69,51,60,0.02,0,0,5,10
9/27/2005,74,47,60.5,0,0,0,4.5,10.5
9/28/2005,73,50,61.5,0.59,0,0,3.5,11.5
9/29/2005,62,43,52.5,0,0,0,12.5,2.5
9/30/2005,71,44,57.5,0,0,0,7.5,7.5
10/1/2005,79,51,65,0,0,0,0,15
10/2/2005,84,54,69,0.94,0,4,0,19
10/3/2005,85,70,77.5,0,0,12.5,0,27.5
10/4/2005,87,71,79,0,0,14,0,29
10/5/2005,84,69,76.5,0,0,11.5,0,26.5
10/6/2005,69,47,58,0,0,0,7,8
10/7/2005,54,43,48.5,T,0,0,16.5,0
10/8/2005,53,43,48,0,0,0,17,0
10/9/2005,59,46,52.5,0,0,0,12.5,2.5
10/10/2005,63,44,53.5,0,0,0,11.5,3.5
10/11/2005,60,55,57.5,T,0,0,7.5,7.5
10/12/2005,63,55,59,T,0,0,6,9
10/13/2005,72,49,60.5,T,0,0,4.5,10.5
10/14/2005,76,48,62,0,0,0,3,12
10/15/2005,67,48,57.5,0,0,0,7.5,7.5
10/16/2005,63,41,52,0,0,0,13,2
10/17/2005,75,41,58,0.05,0,0,7,8
10/18/2005,73,43,58,0,0,0,7,8
10/19/2005,64,47,55.5,0,0,0,9.5,5.5
10/20/2005,56,45,50.5,0,0,0,14.5,0.5
10/21/2005,58,47,52.5,0,0,0,12.5,2.5
10/22/2005,54,38,46,0.08,0,0,19,0
10/23/2005,48,32,40,0.18,T,0,25,0
10/24/2005,51,40,45.5,0.01,0,0,19.5,0
10/25/2005,51,38,44.5,0.04,0,0,20.5,0
10/26/2005,52,35,43.5,0,0,0,21.5,0
10/27/2005,54,34,44,T,0,0,21,0
10/28/2005,57,31,44,0,0,0,21,0
10/29/2005,61,28,44.5,0,0,0,20.5,0
10/30/2005,65,43,54,0,0,0,11,4
10/31/2005,57,50,53.5,0.09,0,0,11.5,3.5
11/1/2005,56,39,47.5,T,0,0,17.5,0
11/2/2005,66,38,52,0,0,0,13,2
11/3/2005,70,53,61.5,0,0,0,3.5,11.5
11/4/2005,70,49,59.5,T,0,0,5.5,9.5
11/5/2005,62,46,54,0.3,0,0,11,4
11/6/2005,61,40,50.5,0.46,0,0,14.5,0.5
11/7/2005,62,36,49,0,0,0,16,0
11/8/2005,62,47,54.5,0.08,0,0,10.5,4.5
11/9/2005,66,41,53.5,0,0,0,11.5,3.5
11/10/2005,48,29,38.5,0,0,0,26.5,0
11/11/2005,60,34,47,0,0,0,18,0
11/12/2005,65,43,54,0.31,0,0,11,4
11/13/2005,61,36,48.5,T,0,0,16.5,0
11/14/2005,49,28,38.5,0.1,0,0,26.5,0
11/15/2005,55,37,46,0.12,0,0,19,0
11/16/2005,37,21,29,T,0.1,0,36,0
11/17/2005,28,15,21.5,0,0,0,43.5,0
11/18/2005,38,21,29.5,0,0,0,35.5,0
11/19/2005,53,32,42.5,0,0,0,22.5,0
11/20/2005,45,32,38.5,0,0,0,26.5,0
11/21/2005,49,35,42,0,0,0,23,0
11/22/2005,39,24,31.5,0,0,0,33.5,0
11/23/2005,44,30,37,0.09,1,0,28,0
11/24/2005,41,16,28.5,T,0,0,36.5,0
11/25/2005,27,13,20,0.06,0.7,0,45,0
11/26/2005,46,18,32,0,0,0,33,0
11/27/2005,55,40,47.5,0.13,0,0,17.5,0
11/28/2005,61,39,50,0.65,0,0,15,0
11/29/2005,39,26,32.5,0.01,0.1,0,32.5,0
11/30/2005,27,20,23.5,T,T,0,41.5,0
12/1/2005,29,20,24.5,0.02,0.3,0,40.5,0
12/2/2005,24,13,18.5,T,T,0,46.5,0
12/3/2005,30,20,25,0.07,1.1,0,40,0
12/4/2005,28,12,20,0.02,0.2,0,45,0
12/5/2005,17,4,10.5,0,0,0,54.5,0
12/6/2005,17,4,10.5,T,T,0,54.5,0
12/7/2005,15,0,7.5,0,0,0,57.5,0
12/8/2005,28,3,15.5,0.4,6.7,0,49.5,0
12/9/2005,28,11,19.5,T,0.1,0,45.5,0
12/10/2005,32,12,22,0.09,0.6,0,43,0
12/11/2005,33,7,20,0.01,0.1,0,45,0
12/12/2005,28,9,18.5,T,T,0,46.5,0
12/13/2005,28,23,25.5,T,T,0,39.5,0
12/14/2005,35,28,31.5,0.06,0.5,0,33.5,0
12/15/2005,35,24,29.5,0.02,0.2,0,35.5,0
12/16/2005,24,18,21,0.02,0.3,0,44,0
12/17/2005,20,11,15.5,0,0,0,49.5,0
12/18/2005,15,4,9.5,0,0,0,55.5,0
12/19/2005,11,-1,5,0,0,0,60,0
12/20/2005,21,5,13,0,0,0,52,0
12/21/2005,20,3,11.5,0,0,0,53.5,0
12/22/2005,38,6,22,0,0,0,43,0
12/23/2005,44,37,40.5,0,0,0,24.5,0
12/24/2005,39,34,36.5,0.28,0,0,28.5,0
12/25/2005,36,33,34.5,0.03,T,0,30.5,0
12/26/2005,37,32,34.5,T,0,0,30.5,0
12/27/2005,47,32,39.5,T,0,0,25.5,0
12/28/2005,39,34,36.5,0.01,0,0,28.5,0
12/29/2005,37,32,34.5,T,0,0,30.5,0
12/30/2005,38,33,35.5,0.33,0.3,0,29.5,0
12/31/2005,37,32,34.5,T,0,0,30.5,0
1/1/2006,45,26,35.5,0.03,0,0,29.5,0
1/2/2006,42,40,41,0.37,0,0,24,0
1/3/2006,42,39,40.5,T,0,0,24.5,0
1/4/2006,43,36,39.5,0.02,0,0,25.5,0
1/5/2006,37,31,34,T,T,0,31,0
1/6/2006,31,28,29.5,0,0,0,35.5,0
1/7/2006,39,28,33.5,0,0,0,31.5,0
1/8/2006,45,32,38.5,0,0,0,26.5,0
1/9/2006,38,33,35.5,0,0,0,29.5,0
1/10/2006,38,20,29,0.05,0,0,36,0
1/11/2006,42,37,39.5,0.05,0,0,25.5,0
1/12/2006,57,38,47.5,0,0,0,17.5,0
1/13/2006,49,32,40.5,0.67,0.8,0,24.5,0
1/14/2006,37,28,32.5,0,0,0,32.5,0
1/15/2006,45,27,36,0,0,0,29,0
1/16/2006,47,30,38.5,0,0,0,26.5,0
1/17/2006,43,27,35,T,T,0,30,0
1/18/2006,35,20,27.5,T,T,0,37.5,0
1/19/2006,55,27,41,0,0,0,24,0
1/20/2006,46,32,39,0.78,4.1,0,26,0
1/21/2006,34,18,26,0.04,0.6,0,39,0
1/22/2006,36,24,30,0,0,0,35,0
1/23/2006,30,23,26.5,T,T,0,38.5,0
1/24/2006,40,29,34.5,T,T,0,30.5,0
1/25/2006,35,25,30,0,0,0,35,0
1/26/2006,43,17,30,0,0,0,35,0
1/27/2006,51,35,43,0,0,0,22,0
1/28/2006,49,36,42.5,0.48,0,0,22.5,0
1/29/2006,50,39,44.5,0.28,0,0,20.5,0
1/30/2006,39,32,35.5,0.01,T,0,29.5,0
1/31/2006,38,30,34,0,0,0,31,0
2/1/2006,48,31,39.5,0,0,0,25.5,0
2/2/2006,43,27,35,0,0,0,30,0
2/3/2006,44,32,38,0.49,T,0,27,0
2/4/2006,32,25,28.5,0.02,0.4,0,36.5,0
2/5/2006,34,21,27.5,T,0.1,0,37.5,0
2/6/2006,36,20,28,0,0,0,37,0
2/7/2006,33,20,26.5,0,0,0,38.5,0
2/8/2006,30,21,25.5,0.02,0.5,0,39.5,0
2/9/2006,32,16,24,0.02,0.3,0,41,0
2/10/2006,37,25,31,T,T,0,34,0
2/11/2006,35,26,30.5,0.06,1.2,0,34.5,0
2/12/2006,30,23,26.5,T,T,0,38.5,0
2/13/2006,39,16,27.5,T,T,0,37.5,0
2/14/2006,56,24,40,0,0,0,25,0
2/15/2006,42,32,37,0.1,T,0,28,0
2/16/2006,37,22,29.5,1.09,T,0,35.5,0
2/17/2006,24,3,13.5,T,T,0,51.5,0
2/18/2006,8,-7,0.5,0,0,0,64.5,0
2/19/2006,20,1,10.5,0,0,0,54.5,0
2/20/2006,33,12,22.5,0,0,0,42.5,0
2/21/2006,37,19,28,0,0,0,37,0
2/22/2006,46,24,35,0,0,0,30,0
2/23/2006,43,23,33,0,0,0,32,0
2/24/2006,47,15,31,0,0,0,34,0
2/25/2006,41,21,31,0,0,0,34,0
2/26/2006,34,16,25,0,0,0,40,0
2/27/2006,38,27,32.5,0,0,0,32.5,0
2/28/2006,38,26,32,0,0,0,33,0
3/1/2006,41,31,36,T,0,0,29,0
3/2/2006,37,25,31,T,T,0,34,0
3/3/2006,36,20,28,0,0,0,37,0
3/4/2006,41,21,31,0,0,0,34,0
3/5/2006,34,26,30,0.3,2.6,0,35,0
3/6/2006,36,28,32,0.02,T,0,33,0
3/7/2006,44,20,32,0.15,0.1,0,33,0
3/8/2006,53,39,46,0.38,0,0,19,0
3/9/2006,58,38,48,0.72,0,0,17,0
3/10/2006,54,38,46,T,0,0,19,0
3/11/2006,67,43,55,0.06,0,0,10,5
3/12/2006,56,40,48,0.14,0,0,17,0
3/13/2006,63,30,46.5,0.47,T,0,18.5,0
3/14/2006,42,27,34.5,T,T,0,30.5,0
3/15/2006,43,25,34,0,0,0,31,0
3/16/2006,38,32,35,0.06,1.5,0,30,0
3/17/2006,39,25,32,0,0,0,33,0
3/18/2006,41,25,33,0,0,0,32,0
3/19/2006,47,26,36.5,0,0,0,28.5,0
3/20/2006,37,25,31,0,0,0,34,0
3/21/2006,33,26,29.5,0,0,0,35.5,0
3/22/2006,49,25,37,0,0,0,28,0
3/23/2006,42,31,36.5,0.05,0.5,0,28.5,0
3/24/2006,40,31,35.5,0.07,1,0,29.5,0
3/25/2006,45,28,36.5,T,T,0,28.5,0
3/26/2006,48,27,37.5,0,0,0,27.5,0
3/27/2006,50,25,37.5,0.12,0,0,27.5,0
3/28/2006,45,37,41,0.07,0,0,24,0
3/29/2006,51,34,42.5,0,0,0,22.5,0
3/30/2006,70,35,52.5,T,0,0,12.5,2.5
3/31/2006,68,45,56.5,0.09,0,0,8.5,6.5
4/1/2006,48,40,44,0,0,0,21,0
4/2/2006,60,39,49.5,0.68,0,0,15.5,0
4/3/2006,54,39,46.5,0.45,0,0,18.5,0
4/4/2006,56,36,46,0,0,0,19,0
4/5/2006,58,33,45.5,T,0,0,19.5,0
4/6/2006,58,39,48.5,T,0,0,16.5,0
4/7/2006,55,33,44,0.02,T,0,21,0
4/8/2006,43,26,34.5,0,0,0,30.5,0
4/9/2006,56,27,41.5,0,0,0,23.5,0
4/10/2006,71,34,52.5,0,0,0,12.5,2.5
4/11/2006,75,48,61.5,0.01,0,0,3.5,11.5
4/12/2006,76,58,67,0.02,0,2,0,17
4/13/2006,80,52,66,0.05,0,1,0,16
4/14/2006,81,63,72,0.01,0,7,0,22
4/15/2006,67,49,58,T,0,0,7,8
4/16/2006,62,47,54.5,0.88,0,0,10.5,4.5
4/17/2006,56,42,49,0.02,0,0,16,0
4/18/2006,66,45,55.5,0,0,0,9.5,5.5
4/19/2006,74,52,63,T,0,0,2,13
4/20/2006,75,53,64,0.09,0,0,1,14
4/21/2006,71,44,57.5,0,0,0,7.5,7.5
4/22/2006,68,47,57.5,0.04,0,0,7.5,7.5
4/23/2006,72,41,56.5,0,0,0,8.5,6.5
4/24/2006,73,39,56,0,0,0,9,6
4/25/2006,46,32,39,0.08,T,0,26,0
4/26/2006,64,27,45.5,0,0,0,19.5,0
4/27/2006,71,38,54.5,0,0,0,10.5,4.5
4/28/2006,68,37,52.5,0,0,0,12.5,2.5
4/29/2006,61,51,56,0.31,0,0,9,6
4/30/2006,59,52,55.5,0.94,0,0,9.5,5.5
5/1/2006,59,54,56.5,0.27,0,0,8.5,6.5
5/2/2006,72,52,62,0.1,0,0,3,12
5/3/2006,73,50,61.5,T,0,0,3.5,11.5
5/4/2006,68,54,61,0,0,0,4,11
5/5/2006,58,47,52.5,0,0,0,12.5,2.5
5/6/2006,58,40,49,0,0,0,16,0
5/7/2006,71,37,54,0,0,0,11,4
5/8/2006,73,47,60,0,0,0,5,10
5/9/2006,71,54,62.5,T,0,0,2.5,12.5
5/10/2006,74,54,64,0.11,0,0,1,14
5/11/2006,59,38,48.5,0.7,0,0,16.5,0
5/12/2006,47,36,41.5,0.14,0,0,23.5,0
5/13/2006,50,42,46,0.07,0,0,19,0
5/14/2006,56,42,49,0.11,0,0,16,0
5/15/2006,62,49,55.5,0.16,0,0,9.5,5.5
5/16/2006,65,48,56.5,0.01,0,0,8.5,6.5
5/17/2006,73,45,59,0.16,0,0,6,9
5/18/2006,63,45,54,0.03,0,0,11,4
5/19/2006,64,43,53.5,0,0,0,11.5,3.5
5/20/2006,74,38,56,T,0,0,9,6
5/21/2006,61,40,50.5,T,0,0,14.5,0.5
5/22/2006,62,36,49,0,0,0,16,0
5/23/2006,75,38,56.5,0,0,0,8.5,6.5
5/24/2006,80,49,64.5,0.38,0,0,0.5,14.5
5/25/2006,75,64,69.5,0.03,0,4.5,0,19.5
5/26/2006,83,60,71.5,0,0,6.5,0,21.5
5/27/2006,87,59,73,0,0,8,0,23
5/28/2006,92,74,83,0,0,18,0,33
5/29/2006,91,68,79.5,0.14,0,14.5,0,29.5
5/30/2006,89,67,78,1.24,0,13,0,28
5/31/2006,76,65,70.5,0,0,5.5,0,20.5
6/1/2006,79,60,69.5,0,0,4.5,0,19.5
6/2/2006,80,56,68,T,0,3,0,18
6/3/2006,74,54,64,0,0,0,1,14
6/4/2006,77,52,64.5,0,0,0,0.5,14.5
6/5/2006,81,48,64.5,0,0,0,0.5,14.5
6/6/2006,82,53,67.5,T,0,2.5,0,17.5
6/7/2006,83,60,71.5,0,0,6.5,0,21.5
6/8/2006,85,60,72.5,0,0,7.5,0,22.5
6/9/2006,68,54,61,0.08,0,0,4,11
6/10/2006,63,50,56.5,1.58,0,0,8.5,6.5
6/11/2006,64,52,58,T,0,0,7,8
6/12/2006,69,50,59.5,0,0,0,5.5,9.5
6/13/2006,76,49,62.5,0,0,0,2.5,12.5
6/14/2006,79,52,65.5,0.04,0,0.5,0,15.5
6/15/2006,86,62,74,T,0,9,0,24
6/16/2006,90,72,81,0,0,16,0,31
6/17/2006,92,72,82,T,0,17,0,32
6/18/2006,77,67,72,0.03,0,7,0,22
6/19/2006,87,63,75,0,0,10,0,25
6/20/2006,79,63,71,T,0,6,0,21
6/21/2006,87,69,78,0.08,0,13,0,28
6/22/2006,83,64,73.5,0.13,0,8.5,0,23.5
6/23/2006,73,54,63.5,0,0,0,1.5,13.5
6/24/2006,82,51,66.5,0,0,1.5,0,16.5
6/25/2006,73,61,67,0.86,0,2,0,17
6/26/2006,71,61,66,0.8,0,1,0,16
6/27/2006,81,60,70.5,0,0,5.5,0,20.5
6/28/2006,77,56,66.5,0.45,T,1.5,0,16.5
6/29/2006,80,56,68,0,0,3,0,18
6/30/2006,85,53,69,0,0,4,0,19
7/1/2006,90,65,77.5,0,0,12.5,0,27.5
7/2/2006,84,69,76.5,0.01,0,11.5,0,26.5
7/3/2006,83,67,75,0.55,0,10,0,25
7/4/2006,78,62,70,0,0,5,0,20
7/5/2006,77,60,68.5,0,0,3.5,0,18.5
7/6/2006,78,55,66.5,0,0,1.5,0,16.5
7/7/2006,82,54,68,0,0,3,0,18
7/8/2006,84,62,73,0.01,0,8,0,23
7/9/2006,88,71,79.5,T,0,14.5,0,29.5
7/10/2006,73,65,69,0,0,4,0,19
7/11/2006,77,67,72,0.28,0,7,0,22
7/12/2006,81,68,74.5,0,0,9.5,0,24.5
7/13/2006,87,66,76.5,0,0,11.5,0,26.5
7/14/2006,89,72,80.5,0.11,0,15.5,0,30.5
7/15/2006,97,74,85.5,0,0,20.5,0,35.5
7/16/2006,94,74,84,0,0,19,0,34
7/17/2006,95,72,83.5,0.45,0,18.5,0,33.5
7/18/2006,83,66,74.5,0,0,9.5,0,24.5
7/19/2006,88,65,76.5,0.01,0,11.5,0,26.5
7/20/2006,80,70,75,2.05,0,10,0,25
7/21/2006,77,64,70.5,0.04,0,5.5,0,20.5
7/22/2006,83,62,72.5,0.02,0,7.5,0,22.5
7/23/2006,82,60,71,0,0,6,0,21
7/24/2006,88,66,77,0.01,0,12,0,27
7/25/2006,90,73,81.5,0,0,16.5,0,31.5
7/26/2006,86,72,79,0.06,0,14,0,29
7/27/2006,88,69,78.5,T,0,13.5,0,28.5
7/28/2006,93,68,80.5,0,0,15.5,0,30.5
7/29/2006,94,74,84,0,0,19,0,34
7/30/2006,90,77,83.5,0.1,0,18.5,0,33.5
7/31/2006,99,76,87.5,0,0,22.5,0,37.5
8/1/2006,99,80,89.5,0,0,24.5,0,39.5
8/2/2006,97,77,87,0.26,0,22,0,37
8/3/2006,83,67,75,0.45,0,10,0,25
8/4/2006,89,65,77,0,0,12,0,27
8/5/2006,86,63,74.5,0,0,9.5,0,24.5
8/6/2006,84,69,76.5,0.01,0,11.5,0,26.5
8/7/2006,86,71,78.5,0,0,13.5,0,28.5
8/8/2006,78,69,73.5,0,0,8.5,0,23.5
8/9/2006,86,68,77,0,0,12,0,27
8/10/2006,79,74,76.5,T,0,11.5,0,26.5
8/11/2006,77,68,72.5,0,0,7.5,0,22.5
8/12/2006,80,59,69.5,0,0,4.5,0,19.5
8/13/2006,84,58,71,T,0,6,0,21
8/14/2006,85,64,74.5,T,0,9.5,0,24.5
8/15/2006,86,61,73.5,0,0,8.5,0,23.5
8/16/2006,85,59,72,0,0,7,0,22
8/17/2006,86,59,72.5,T,0,7.5,0,22.5
8/18/2006,84,72,78,0.85,0,13,0,28
8/19/2006,81,66,73.5,0.01,0,8.5,0,23.5
8/20/2006,78,59,68.5,0,0,3.5,0,18.5
8/21/2006,84,55,69.5,0,0,4.5,0,19.5
8/22/2006,87,64,75.5,0,0,10.5,0,25.5
8/23/2006,89,61,75,0,0,10,0,25
8/24/2006,84,67,75.5,0.62,0,10.5,0,25.5
8/25/2006,84,66,75,0,0,10,0,25
8/26/2006,79,69,74,T,0,9,0,24
8/27/2006,79,71,75,T,0,10,0,25
8/28/2006,73,64,68.5,0.6,0,3.5,0,18.5
8/29/2006,71,63,67,0.15,0,2,0,17
8/30/2006,76,64,70,T,0,5,0,20
8/31/2006,75,62,68.5,0,0,3.5,0,18.5
9/1/2006,75,65,70,0,0,5,0,20
9/2/2006,77,57,67,0,0,2,0,17
9/3/2006,78,53,65.5,0.2,0,0.5,0,15.5
9/4/2006,71,60,65.5,0.38,0,0.5,0,15.5
9/5/2006,78,59,68.5,0,0,3.5,0,18.5
9/6/2006,82,57,69.5,0,0,4.5,0,19.5
9/7/2006,82,57,69.5,0,0,4.5,0,19.5
9/8/2006,83,60,71.5,0,0,6.5,0,21.5
9/9/2006,70,63,66.5,0,0,1.5,0,16.5
9/10/2006,64,60,62,0.37,0,0,3,12
9/11/2006,67,59,63,1.6,0,0,2,13
9/12/2006,72,63,67.5,0.18,0,2.5,0,17.5
9/13/2006,65,60,62.5,0.2,0,0,2.5,12.5
9/14/2006,73,57,65,0,0,0,0,15
9/15/2006,78,53,65.5,0,0,0.5,0,15.5
9/16/2006,79,58,68.5,0,0,3.5,0,18.5
9/17/2006,82,59,70.5,0.3,0,5.5,0,20.5
9/18/2006,71,51,61,T,0,0,4,11
9/19/2006,55,47,51,0.02,0,0,14,1
9/20/2006,62,42,52,0,0,0,13,2
9/21/2006,68,40,54,T,0,0,11,4
9/22/2006,71,57,64,1.73,0,0,1,14
9/23/2006,69,56,62.5,0.68,0,0,2.5,12.5
9/24/2006,66,49,57.5,T,0,0,7.5,7.5
9/25/2006,72,47,59.5,0,0,0,5.5,9.5
9/26/2006,71,47,59,0,0,0,6,9
9/27/2006,67,50,58.5,T,0,0,6.5,8.5
9/28/2006,59,40,49.5,0,0,0,15.5,0
9/29/2006,59,37,48,0.01,0,0,17,0
9/30/2006,68,48,58,0.18,T,0,7,8
10/1/2006,74,44,59,0.01,0,0,6,9
10/2/2006,77,61,69,1.39,0,4,0,19
10/3/2006,82,55,68.5,0,0,3.5,0,18.5
10/4/2006,76,55,65.5,0.01,0,0.5,0,15.5
10/5/2006,60,46,53,0,0,0,12,3
10/6/2006,58,42,50,0,0,0,15,0
10/7/2006,67,40,53.5,0,0,0,11.5,3.5
10/8/2006,72,43,57.5,0,0,0,7.5,7.5
10/9/2006,66,47,56.5,0,0,0,8.5,6.5
10/10/2006,58,52,55,0.07,0,0,10,5
10/11/2006,54,35,44.5,0.45,0,0,20.5,0
10/12/2006,39,30,34.5,0.03,0.3,0,30.5,0
10/13/2006,50,32,41,0,0,0,24,0
10/14/2006,50,32,41,0,0,0,24,0
10/15/2006,52,31,41.5,0.01,0,0,23.5,0
10/16/2006,56,48,52,0.5,0,0,13,2
10/17/2006,58,50,54,0.38,0,0,11,4
10/18/2006,63,42,52.5,0.3,0,0,12.5,2.5
10/19/2006,44,39,41.5,0,0,0,23.5,0
10/20/2006,53,32,42.5,T,0,0,22.5,0
10/21/2006,58,47,52.5,0.28,0,0,12.5,2.5
10/22/2006,49,34,41.5,0.08,0,0,23.5,0
10/23/2006,41,33,37,0.01,T,0,28,0
10/24/2006,47,30,38.5,0,0,0,26.5,0
10/25/2006,51,27,39,0,0,0,26,0
10/26/2006,46,43,44.5,0.52,0,0,20.5,0
10/27/2006,45,38,41.5,T,0,0,23.5,0
10/28/2006,52,37,44.5,0,0,0,20.5,0
10/29/2006,54,33,43.5,0,0,0,21.5,0
10/30/2006,70,38,54,T,0,0,11,4
10/31/2006,62,35,48.5,0,0,0,16.5,0
11/1/2006,42,27,34.5,0,0,0,30.5,0
11/2/2006,34,24,29,0,0,0,36,0
11/3/2006,40,21,30.5,0,0,0,34.5,0
11/4/2006,47,29,38,T,0,0,27,0
11/5/2006,55,32,43.5,0,0,0,21.5,0
11/6/2006,56,44,50,0.02,0,0,15,0
11/7/2006,54,46,50,T,0,0,15,0
11/8/2006,64,46,55,0,0,0,10,5
11/9/2006,68,47,57.5,0,0,0,7.5,7.5
11/10/2006,48,37,42.5,1.34,T,0,22.5,0
11/11/2006,41,34,37.5,0.04,0,0,27.5,0
11/12/2006,46,34,40,0,0,0,25,0
11/13/2006,42,34,38,T,0,0,27,0
11/14/2006,44,36,40,0.02,0,0,25,0
11/15/2006,47,43,45,T,0,0,20,0
11/16/2006,43,37,40,0,0,0,25,0
11/17/2006,40,34,37,0,0,0,28,0
11/18/2006,44,30,37,0,0,0,28,0
11/19/2006,44,29,36.5,0.01,0,0,28.5,0
11/20/2006,44,29,36.5,0,0,0,28.5,0
11/21/2006,49,29,39,0,0,0,26,0
11/22/2006,54,30,42,0,0,0,23,0
11/23/2006,58,30,44,0,0,0,21,0
11/24/2006,60,31,45.5,0,0,0,19.5,0
11/25/2006,58,36,47,0,0,0,18,0
11/26/2006,62,45,53.5,0,0,0,11.5,3.5
11/27/2006,62,52,57,T,0,0,8,7
11/28/2006,61,54,57.5,0.03,0,0,7.5,7.5
11/29/2006,60,38,49,1.73,0,0,16,0
11/30/2006,39,26,32.5,0.46,0.4,0,32.5,0
12/1/2006,33,18,25.5,1.23,5.8,0,39.5,0
12/2/2006,30,12,21,0,0,0,44,0
12/3/2006,15,8,11.5,T,T,0,53.5,0
12/4/2006,26,6,16,0,0,0,49,0
12/5/2006,34,7,20.5,T,T,0,44.5,0
12/6/2006,35,17,26,T,T,0,39,0
12/7/2006,17,9,13,0,0,0,52,0
12/8/2006,21,4,12.5,0,0,0,52.5,0
12/9/2006,35,20,27.5,0,0,0,37.5,0
12/10/2006,41,32,36.5,0,0,0,28.5,0
12/11/2006,45,37,41,0.05,0,0,24,0
12/12/2006,50,38,44,0.1,0,0,21,0
12/13/2006,45,33,39,T,0,0,26,0
12/14/2006,50,35,42.5,0.01,0,0,22.5,0
12/15/2006,44,30,37,0,0,0,28,0
12/16/2006,55,32,43.5,T,0,0,21.5,0
12/17/2006,54,41,47.5,T,T,0,17.5,0
12/18/2006,41,29,35,0,0,0,30,0
12/19/2006,43,24,33.5,0,0,0,31.5,0
12/20/2006,40,24,32,0.21,0,0,33,0
12/21/2006,50,38,44,0.47,0,0,21,0
12/22/2006,54,40,47,0.9,0,0,18,0
12/23/2006,40,33,36.5,0,0,0,28.5,0
12/24/2006,44,29,36.5,0,0,0,28.5,0
12/25/2006,37,30,33.5,T,T,0,31.5,0
12/26/2006,34,28,31,T,T,0,34,0
12/27/2006,38,28,33,0,0,0,32,0
12/28/2006,48,36,42,0,0,0,23,0
12/29/2006,50,40,45,0,0,0,20,0
12/30/2006,50,40,45,0,0,0,20,0
12/31/2006,56,43,49.5,0.21,0,0,15.5,0
1/1/2007,43,29,36,0,0,0,29,0
1/2/2007,43,26,34.5,0,0,0,30.5,0
1/3/2007,48,33,40.5,0,0,0,24.5,0
1/4/2007,52,39,45.5,0.66,0,0,19.5,0
1/5/2007,50,42,46,0.03,0,0,19,0
1/6/2007,42,29,35.5,0.02,0,0,29.5,0
1/7/2007,41,27,34,0.05,T,0,31,0
1/8/2007,39,26,32.5,T,T,0,32.5,0
1/9/2007,33,22,27.5,0,0,0,37.5,0
1/10/2007,35,18,26.5,0,0,0,38.5,0
1/11/2007,45,35,40,0.02,0,0,25,0
1/12/2007,48,33,40.5,0.19,T,0,24.5,0
1/13/2007,33,29,31,T,T,0,34,0
1/14/2007,33,30,31.5,0.43,T,0,33.5,0
1/15/2007,33,21,27,0.21,1.6,0,38,0
1/16/2007,23,11,17,T,T,0,48,0
1/17/2007,22,9,15.5,T,T,0,49.5,0
1/18/2007,30,22,26,T,0.1,0,39,0
1/19/2007,27,18,22.5,T,T,0,42.5,0
1/20/2007,27,10,18.5,0,0,0,46.5,0
1/21/2007,29,26,27.5,0.08,0.8,0,37.5,0
1/22/2007,31,25,28,T,T,0,37,0
1/23/2007,26,22,24,0,0,0,41,0
1/24/2007,28,22,25,T,T,0,40,0
1/25/2007,24,15,19.5,T,T,0,45.5,0
1/26/2007,43,20,31.5,0,0,0,33.5,0
1/27/2007,34,15,24.5,T,0.1,0,40.5,0
1/28/2007,24,7,15.5,0.02,0.4,0,49.5,0
1/29/2007,25,9,17,0.01,0.5,0,48,0
1/30/2007,18,7,12.5,T,T,0,52.5,0
1/31/2007,20,3,11.5,T,T,0,53.5,0
2/1/2007,24,11,17.5,T,T,0,47.5,0
2/2/2007,12,6,9,T,T,0,56,0
2/3/2007,11,-6,2.5,T,T,0,62.5,0
2/4/2007,2,-6,-2,0,0,0,67,0
2/5/2007,5,-10,-2.5,0,0,0,67.5,0
2/6/2007,10,-5,2.5,0.11,2.1,0,62.5,0
2/7/2007,11,-2,4.5,0,0,0,60.5,0
2/8/2007,11,-4,3.5,0,0,0,61.5,0
2/9/2007,17,2,9.5,0,0,0,55.5,0
2/10/2007,13,-1,6,0,0,0,59,0
2/11/2007,27,5,16,T,T,0,49,0
2/12/2007,31,25,28,0.09,1.4,0,37,0
2/13/2007,27,15,21,0.39,8.8,0,44,0
2/14/2007,21,7,14,0.03,1.4,0,51,0
2/15/2007,14,2,8,0,0,0,57,0
2/16/2007,19,-4,7.5,T,T,0,57.5,0
2/17/2007,26,16,21,0.08,1.9,0,44,0
2/18/2007,22,11,16.5,0,0,0,48.5,0
2/19/2007,42,13,27.5,0,0,0,37.5,0
2/20/2007,45,30,37.5,0,0,0,27.5,0
2/21/2007,48,23,35.5,0,0,0,29.5,0
2/22/2007,40,27,33.5,0,0,0,31.5,0
2/23/2007,33,23,28,T,T,0,37,0
2/24/2007,32,26,29,0.43,2,0,36,0
2/25/2007,38,31,34.5,0.44,2.3,0,30.5,0
2/26/2007,34,30,32,0.03,0.4,0,33,0
2/27/2007,33,29,31,0,0,0,34,0
2/28/2007,35,28,31.5,0.01,T,0,33.5,0
3/1/2007,45,32,38.5,1.09,T,0,26.5,0
3/2/2007,32,25,28.5,0.06,0.7,0,36.5,0
3/3/2007,27,20,23.5,0.02,0.3,0,41.5,0
3/4/2007,31,14,22.5,0,0,0,42.5,0
3/5/2007,33,19,26,0,0,0,39,0
3/6/2007,24,16,20,0.05,0.7,0,45,0
3/7/2007,28,21,24.5,0.03,0.5,0,40.5,0
3/8/2007,40,13,26.5,0,0,0,38.5,0
3/9/2007,56,28,42,0.28,0,0,23,0
3/10/2007,51,30,40.5,0,0,0,24.5,0
3/11/2007,54,28,41,0,0,0,24,0
3/12/2007,63,36,49.5,T,0,0,15.5,0
3/13/2007,73,48,60.5,0,0,0,4.5,10.5
3/14/2007,61,35,48,0.16,0.1,0,17,0
3/15/2007,38,28,33,T,T,0,32,0
3/16/2007,39,25,32,0,0,0,33,0
3/17/2007,39,24,31.5,0,0,0,33.5,0
3/18/2007,47,21,34,0,0,0,31,0
3/19/2007,61,36,48.5,0.06,0,0,16.5,0
3/20/2007,43,30,36.5,0,0,0,28.5,0
3/21/2007,67,37,52,1.07,0,0,13,2
3/22/2007,64,44,54,0.09,0,0,11,4
3/23/2007,52,44,48,0.04,0,0,17,0
3/24/2007,64,52,58,T,0,0,7,8
3/25/2007,79,48,63.5,0,0,0,1.5,13.5
3/26/2007,79,63,71,0,0,6,0,21
3/27/2007,73,45,59,0,0,0,6,9
3/28/2007,50,44,47,0.2,0,0,18,0
3/29/2007,60,46,53,0,0,0,12,3
3/30/2007,55,46,50.5,T,0,0,14.5,0.5
3/31/2007,63,45,54,0.51,0,0,11,4
4/1/2007,61,46,53.5,0.09,0,0,11.5,3.5
4/2/2007,61,41,51,0,0,0,14,1
4/3/2007,70,35,52.5,0.15,T,0,12.5,2.5
4/4/2007,35,28,31.5,T,T,0,33.5,0
4/5/2007,40,27,33.5,0,0,0,31.5,0
4/6/2007,36,23,29.5,0,0,0,35.5,0
4/7/2007,32,22,27,0,0,0,38,0
4/8/2007,40,28,34,T,T,0,31,0
4/9/2007,43,29,36,T,T,0,29,0
4/10/2007,52,26,39,0,0,0,26,0
4/11/2007,43,33,38,1.15,3,0,27,0
4/12/2007,38,33,35.5,0.09,T,0,29.5,0
4/13/2007,51,32,41.5,0,0,0,23.5,0
4/14/2007,49,35,42,0,0,0,23,0
4/15/2007,58,29,43.5,0,0,0,21.5,0
4/16/2007,62,32,47,0,0,0,18,0
4/17/2007,70,36,53,T,0,0,12,3
4/18/2007,50,39,44.5,T,0,0,20.5,0
4/19/2007,58,41,49.5,T,0,0,15.5,0
4/20/2007,68,38,53,0,0,0,12,3
4/21/2007,77,43,60,0,0,0,5,10
4/22/2007,83,52,67.5,T,0,2.5,0,17.5
4/23/2007,70,51,60.5,0,0,0,4.5,10.5
4/24/2007,68,44,56,0.3,0,0,9,6
4/25/2007,49,45,47,1.06,0,0,18,0
4/26/2007,56,45,50.5,0.49,0,0,14.5,0.5
4/27/2007,53,43,48,T,0,0,17,0
4/28/2007,73,39,56,0,0,0,9,6
4/29/2007,82,45,63.5,0.15,0,0,1.5,13.5
4/30/2007,67,51,59,0.01,0,0,6,9
5/1/2007,83,50,66.5,0,0,1.5,0,16.5
5/2/2007,59,42,50.5,0,0,0,14.5,0.5
5/3/2007,66,46,56,0,0,0,9,6
5/4/2007,66,49,57.5,T,0,0,7.5,7.5
5/5/2007,66,53,59.5,T,0,0,5.5,9.5
5/6/2007,68,49,58.5,0,0,0,6.5,8.5
5/7/2007,83,47,65,T,0,0,0,15
5/8/2007,82,54,68,0,0,3,0,18
5/9/2007,77,61,69,0.13,0,4,0,19
5/10/2007,84,56,70,0,0,5,0,20
5/11/2007,70,51,60.5,0,0,0,4.5,10.5
5/12/2007,64,46,55,0,0,0,10,5
5/13/2007,69,43,56,0,0,0,9,6
5/14/2007,90,56,73,0,0,8,0,23
5/15/2007,80,57,68.5,0.38,0,3.5,0,18.5
5/16/2007,66,44,55,0.14,0,0,10,5
5/17/2007,62,43,52.5,0,0,0,12.5,2.5
5/18/2007,71,42,56.5,0,0,0,8.5,6.5
5/19/2007,80,56,68,0,0,3,0,18
5/20/2007,69,43,56,0.07,0,0,9,6
5/21/2007,80,44,62,0,0,0,3,12
5/22/2007,87,55,71,0,0,6,0,21
5/23/2007,89,60,74.5,0,0,9.5,0,24.5
5/24/2007,88,63,75.5,0.02,0,10.5,0,25.5
5/25/2007,70,56,63,T,0,0,2,13
5/26/2007,65,49,57,1.01,0,0,8,7
5/27/2007,75,57,66,0.04,0,1,0,16
5/28/2007,79,50,64.5,T,0,0,0.5,14.5
5/29/2007,88,60,74,0,0,9,0,24
5/30/2007,87,66,76.5,0,0,11.5,0,26.5
5/31/2007,78,65,71.5,0.01,0,6.5,0,21.5
6/1/2007,85,62,73.5,0.19,0,8.5,0,23.5
6/2/2007,81,65,73,0.04,0,8,0,23
6/3/2007,78,62,70,0.01,0,5,0,20
6/4/2007,71,58,64.5,0.39,0,0,0.5,14.5
6/5/2007,64,47,55.5,0.42,0,0,9.5,5.5
6/6/2007,71,44,57.5,0.01,0,0,7.5,7.5
6/7/2007,91,71,81,0,0,16,0,31
6/8/2007,81,57,69,0,0,4,0,19
6/9/2007,79,52,65.5,0,0,0.5,0,15.5
6/10/2007,81,55,68,0,0,3,0,18
6/11/2007,86,58,72,0,0,7,0,22
6/12/2007,83,62,72.5,0,0,7.5,0,22.5
6/13/2007,87,60,73.5,0,0,8.5,0,23.5
6/14/2007,89,64,76.5,0,0,11.5,0,26.5
6/15/2007,91,63,77,0,0,12,0,27
6/16/2007,93,66,79.5,T,0,14.5,0,29.5
6/17/2007,91,70,80.5,0,0,15.5,0,30.5
6/18/2007,89,69,79,0.28,0,14,0,29
6/19/2007,80,65,72.5,0.58,0,7.5,0,22.5
6/20/2007,84,61,72.5,0,0,7.5,0,22.5
6/21/2007,77,61,69,0.01,0,4,0,19
6/22/2007,76,61,68.5,T,0,3.5,0,18.5
6/23/2007,67,62,64.5,0.05,0,0,0.5,14.5
6/24/2007,77,63,70,0,0,5,0,20
6/25/2007,89,65,77,0,0,12,0,27
6/26/2007,92,70,81,0.16,0,16,0,31
6/27/2007,91,71,81,0.15,0,16,0,31
6/28/2007,74,58,66,0,0,1,0,16
6/29/2007,70,56,63,0,0,0,2,13
6/30/2007,79,54,66.5,0,0,1.5,0,16.5
7/1/2007,75,54,64.5,0,0,0,0.5,14.5
7/2/2007,79,53,66,0,0,1,0,16
7/3/2007,83,60,71.5,0.4,0,6.5,0,21.5
7/4/2007,86,67,76.5,0.16,0,11.5,0,26.5
7/5/2007,89,71,80,0,0,15,0,30
7/6/2007,86,66,76,0,0,11,0,26
7/7/2007,90,64,77,0,0,12,0,27
7/8/2007,94,75,84.5,0,0,19.5,0,34.5
7/9/2007,94,70,82,0.3,0,17,0,32
7/10/2007,89,69,79,0.43,0,14,0,29
7/11/2007,77,62,69.5,0,0,4.5,0,19.5
7/12/2007,80,61,70.5,0,0,5.5,0,20.5
7/13/2007,78,58,68,0,0,3,0,18
7/14/2007,84,61,72.5,0,0,7.5,0,22.5
7/15/2007,82,60,71,0,0,6,0,21
7/16/2007,82,65,73.5,0.39,0,8.5,0,23.5
7/17/2007,83,68,75.5,0.11,0,10.5,0,25.5
7/18/2007,85,69,77,1.55,0,12,0,27
7/19/2007,83,63,73,0.16,0,8,0,23
7/20/2007,75,58,66.5,0,0,1.5,0,16.5
7/21/2007,74,58,66,0,0,1,0,16
7/22/2007,81,58,69.5,0,0,4.5,0,19.5
7/23/2007,83,60,71.5,0,0,6.5,0,21.5
7/24/2007,82,65,73.5,0,0,8.5,0,23.5
7/25/2007,85,71,78,T,0,13,0,28
7/26/2007,83,66,74.5,0.19,0,9.5,0,24.5
7/27/2007,83,70,76.5,0.17,0,11.5,0,26.5
7/28/2007,80,66,73,0,0,8,0,23
7/29/2007,85,63,74,0,0,9,0,24
7/30/2007,89,62,75.5,0,0,10.5,0,25.5
7/31/2007,91,68,79.5,0,0,14.5,0,29.5
8/1/2007,92,69,80.5,0,0,15.5,0,30.5
8/2/2007,91,70,80.5,0,0,15.5,0,30.5
8/3/2007,90,69,79.5,0,0,14.5,0,29.5
8/4/2007,81,64,72.5,0.03,0,7.5,0,22.5
8/5/2007,88,67,77.5,1.43,0,12.5,0,27.5
8/6/2007,88,74,81,0.26,0,16,0,31
8/7/2007,91,72,81.5,1.31,0,16.5,0,31.5
8/8/2007,87,73,80,0.06,0,15,0,30
8/9/2007,84,72,78,0.05,0,13,0,28
8/10/2007,86,70,78,0,0,13,0,28
8/11/2007,89,67,78,0,0,13,0,28
8/12/2007,88,67,77.5,0.29,0,12.5,0,27.5
8/13/2007,81,65,73,0,0,8,0,23
8/14/2007,84,65,74.5,0.41,0,9.5,0,24.5
8/15/2007,80,71,75.5,0.23,0,10.5,0,25.5
8/16/2007,77,65,71,0,0,6,0,21
8/17/2007,79,60,69.5,0,0,4.5,0,19.5
8/18/2007,68,59,63.5,0.09,0,0,1.5,13.5
8/19/2007,68,62,65,1.33,0,0,0,15
8/20/2007,78,68,73,0.91,0,8,0,23
8/21/2007,87,69,78,T,0,13,0,28
8/22/2007,90,69,79.5,0.37,0,14.5,0,29.5
8/23/2007,87,69,78,2.35,0,13,0,28
8/24/2007,80,69,74.5,0.24,0,9.5,0,24.5
8/25/2007,79,64,71.5,0.34,0,6.5,0,21.5
8/26/2007,79,60,69.5,0,0,4.5,0,19.5
8/27/2007,79,60,69.5,0,0,4.5,0,19.5
8/28/2007,91,67,79,0,0,14,0,29
8/29/2007,85,68,76.5,T,0,11.5,0,26.5
8/30/2007,75,57,66,0,0,1,0,16
8/31/2007,77,57,67,0,0,2,0,17
9/1/2007,81,57,69,0,0,4,0,19
9/2/2007,85,61,73,0,0,8,0,23
9/3/2007,88,66,77,0,0,12,0,27
9/4/2007,89,63,76,0,0,11,0,26
9/5/2007,90,66,78,T,0,13,0,28
9/6/2007,82,73,77.5,0.18,0,12.5,0,27.5
9/7/2007,84,70,77,0.19,0,12,0,27
9/8/2007,78,64,71,0,0,6,0,21
9/9/2007,80,63,71.5,0,0,6.5,0,21.5
9/10/2007,74,54,64,0.36,0,0,1,14
9/11/2007,71,50,60.5,T,0,0,4.5,10.5
9/12/2007,67,46,56.5,0,0,0,8.5,6.5
9/13/2007,78,50,64,0,0,0,1,14
9/14/2007,66,45,55.5,0,0,0,9.5,5.5
9/15/2007,61,39,50,0,0,0,15,0
9/16/2007,71,44,57.5,0,0,0,7.5,7.5
9/17/2007,80,52,66,0,0,1,0,16
9/18/2007,88,63,75.5,0,0,10.5,0,25.5
9/19/2007,84,65,74.5,0,0,9.5,0,24.5
9/20/2007,78,60,69,0,0,4,0,19
9/21/2007,88,64,76,0,0,11,0,26
9/22/2007,74,51,62.5,0,0,0,2.5,12.5
9/23/2007,84,50,67,0,0,2,0,17
9/24/2007,90,68,79,0,0,14,0,29
9/25/2007,85,63,74,0.27,0,9,0,24
9/26/2007,69,53,61,0.09,0,0,4,11
9/27/2007,75,49,62,T,0,0,3,12
9/28/2007,73,53,63,0,0,0,2,13
9/29/2007,80,50,65,0,0,0,0,15
9/30/2007,83,59,71,0.14,0,6,0,21
10/1/2007,69,59,64,0.29,0,0,1,14
10/2/2007,78,57,67.5,0.09,0,2.5,0,17.5
10/3/2007,74,55,64.5,0,0,0,0.5,14.5
10/4/2007,82,51,66.5,0,0,1.5,0,16.5
10/5/2007,84,62,73,0,0,8,0,23
10/6/2007,87,69,78,0,0,13,0,28
10/7/2007,87,67,77,0,0,12,0,27
10/8/2007,87,60,73.5,0,0,8.5,0,23.5
10/9/2007,76,49,62.5,0,0,0,2.5,12.5
10/10/2007,54,47,50.5,T,0,0,14.5,0.5
10/11/2007,54,46,50,0,0,0,15,0
10/12/2007,56,41,48.5,0,0,0,16.5,0
10/13/2007,59,40,49.5,0,0,0,15.5,0
10/14/2007,61,53,57,0.15,0,0,8,7
10/15/2007,74,51,62.5,0.07,0,0,2.5,12.5
10/16/2007,67,52,59.5,0.24,0,0,5.5,9.5
10/17/2007,72,47,59.5,0.04,0,0,5.5,9.5
10/18/2007,78,59,68.5,0.3,0,3.5,0,18.5
10/19/2007,60,52,56,0.01,0,0,9,6
10/20/2007,73,47,60,0,0,0,5,10
10/21/2007,80,60,70,0,0,5,0,20
10/22/2007,67,46,56.5,0.16,0,0,8.5,6.5
10/23/2007,58,43,50.5,0,0,0,14.5,0.5
10/24/2007,55,43,49,0,0,0,16,0
10/25/2007,55,45,50,T,0,0,15,0
10/26/2007,65,53,59,0.33,0,0,6,9
10/27/2007,55,37,46,0.01,0,0,19,0
10/28/2007,56,34,45,0,0,0,20,0
10/29/2007,61,39,50,0,0,0,15,0
10/30/2007,66,41,53.5,0,0,0,11.5,3.5
10/31/2007,62,41,51.5,0,0,0,13.5,1.5
11/1/2007,54,35,44.5,0,0,0,20.5,0
11/2/2007,57,31,44,0,0,0,21,0
11/3/2007,55,36,45.5,0,0,0,19.5,0
11/4/2007,53,37,45,0.01,0,0,20,0
11/5/2007,54,37,45.5,T,0,0,19.5,0
11/6/2007,45,33,39,0,0,0,26,0
11/7/2007,43,31,37,T,T,0,28,0
11/8/2007,51,36,43.5,T,T,0,21.5,0
11/9/2007,48,32,40,0,0,0,25,0
11/10/2007,50,28,39,0,0,0,26,0
11/11/2007,57,42,49.5,0.06,0,0,15.5,0
11/12/2007,66,44,55,0,0,0,10,5
11/13/2007,60,33,46.5,T,0,0,18.5,0
11/14/2007,56,39,47.5,T,0,0,17.5,0
11/15/2007,40,28,34,T,T,0,31,0
11/16/2007,41,24,32.5,0,0,0,32.5,0
11/17/2007,46,34,40,0.04,0,0,25,0
11/18/2007,43,37,40,0.01,0,0,25,0
11/19/2007,59,38,48.5,T,0,0,16.5,0
11/20/2007,55,45,50,0.3,0,0,15,0
11/21/2007,45,33,39,0.83,0.2,0,26,0
11/22/2007,33,25,29,0.01,0.1,0,36,0
11/23/2007,32,22,27,0,0,0,38,0
11/24/2007,38,27,32.5,0,0,0,32.5,0
11/25/2007,38,28,33,T,T,0,32,0
11/26/2007,39,31,35,T,0,0,30,0
11/27/2007,35,24,29.5,0,0,0,35.5,0
11/28/2007,48,23,35.5,T,0,0,29.5,0
11/29/2007,34,18,26,0,0,0,39,0
11/30/2007,36,20,28,0,0,0,37,0
12/1/2007,34,19,26.5,0.63,0.6,0,38.5,0
12/2/2007,45,27,36,0.23,0,0,29,0
12/3/2007,29,19,24,0,0,0,41,0
12/4/2007,33,22,27.5,0.23,3.4,0,37.5,0
12/5/2007,30,9,19.5,0.18,2.1,0,45.5,0
12/6/2007,24,0,12,0.04,0.6,0,53,0
12/7/2007,30,24,27,T,T,0,38,0
12/8/2007,24,13,18.5,0.04,T,0,46.5,0
12/9/2007,29,22,25.5,0.02,T,0,39.5,0
12/10/2007,32,25,28.5,T,0,0,36.5,0
12/11/2007,33,27,30,0.67,T,0,35,0
12/12/2007,36,23,29.5,T,0,0,35.5,0
12/13/2007,34,28,31,T,T,0,34,0
12/14/2007,28,18,23,0,0,0,42,0
12/15/2007,31,25,28,0.17,2,0,37,0
12/16/2007,29,17,23,0.17,2.1,0,42,0
12/17/2007,23,15,19,T,T,0,46,0
12/18/2007,37,21,29,0,0,0,36,0
12/19/2007,34,22,28,0,0,0,37,0
12/20/2007,38,23,30.5,0.06,0,0,34.5,0
12/21/2007,38,33,35.5,0.06,0,0,29.5,0
12/22/2007,50,36,43,0.11,0,0,22,0
12/23/2007,52,14,33,0.24,0.7,0,32,0
12/24/2007,26,20,23,T,T,0,42,0
12/25/2007,42,21,31.5,0,0,0,33.5,0
12/26/2007,45,24,34.5,T,0,0,30.5,0
12/27/2007,38,30,34,0.07,0,0,31,0
12/28/2007,34,30,32,0.28,2.2,0,33,0
12/29/2007,30,20,25,0,0,0,40,0
12/30/2007,35,18,26.5,0.03,0.3,0,38.5,0
12/31/2007,33,25,29,0.26,3.6,0,36,0
1/1/2008,27,4,15.5,0.05,0.8,0,49.5,0
1/2/2008,20,2,11,T,T,0,54,0
1/3/2008,23,0,11.5,0,0,0,53.5,0
1/4/2008,36,22,29,0,0,0,36,0
1/5/2008,43,35,39,T,0,0,26,0
1/6/2008,60,41,50.5,0.01,0,0,14.5,0.5
1/7/2008,65,51,58,0.03,0,0,7,8
1/8/2008,56,37,46.5,0.66,T,0,18.5,0
1/9/2008,39,30,34.5,0,0,0,30.5,0
1/10/2008,44,32,38,0.3,T,0,27,0
1/11/2008,36,28,32,0.01,T,0,33,0
1/12/2008,41,25,33,0,0,0,32,0
1/13/2008,37,27,32,T,T,0,33,0
1/14/2008,27,15,21,0.02,0.6,0,44,0
1/15/2008,26,13,19.5,T,T,0,45.5,0
1/16/2008,40,20,30,0,0,0,35,0
1/17/2008,33,12,22.5,0.08,0.2,0,42.5,0
1/18/2008,27,6,16.5,T,0.1,0,48.5,0
1/19/2008,6,-3,1.5,T,T,0,63.5,0
1/20/2008,10,-5,2.5,0,0,0,62.5,0
1/21/2008,27,8,17.5,0.1,1.3,0,47.5,0
1/22/2008,29,10,19.5,0.08,1.8,0,45.5,0
1/23/2008,14,5,9.5,0.04,0.7,0,55.5,0
1/24/2008,10,-4,3,0,0,0,62,0
1/25/2008,20,-5,7.5,0.03,0.6,0,57.5,0
1/26/2008,32,19,25.5,0.05,0.9,0,39.5,0
1/27/2008,35,6,20.5,0,0,0,44.5,0
1/28/2008,44,20,32,0.02,0,0,33,0
1/29/2008,48,2,25,0.2,1.8,0,40,0
1/30/2008,12,-2,5,0,0,0,60,0
1/31/2008,26,10,18,0.25,3.9,0,47,0
2/1/2008,30,24,27,0.14,3.5,0,38,0
2/2/2008,30,25,27.5,T,T,0,37.5,0
2/3/2008,32,25,28.5,0.16,3.1,0,36.5,0
2/4/2008,44,32,38,0.33,0,0,27,0
2/5/2008,40,32,36,0.18,0.1,0,29,0
2/6/2008,34,26,30,0.54,4.5,0,35,0
2/7/2008,27,24,25.5,T,T,0,39.5,0
2/8/2008,38,23,30.5,0.07,0.4,0,34.5,0
2/9/2008,36,16,26,T,0.1,0,39,0
2/10/2008,16,-4,6,0,0,0,59,0
2/11/2008,15,-3,6,T,0.4,0,59,0
2/12/2008,22,13,17.5,0.13,2.5,0,47.5,0
2/13/2008,21,7,14,T,T,0,51,0
2/14/2008,34,13,23.5,T,T,0,41.5,0
2/15/2008,24,9,16.5,0,0,0,48.5,0
2/16/2008,33,5,19,0.01,0,0,46,0
2/17/2008,47,30,38.5,1.1,T,0,26.5,0
2/18/2008,32,7,19.5,T,0.2,0,45.5,0
2/19/2008,14,4,9,T,T,0,56,0
2/20/2008,19,5,12,0.02,0.3,0,53,0
2/21/2008,23,8,15.5,T,T,0,49.5,0
2/22/2008,27,21,24,T,T,0,41,0
2/23/2008,33,19,26,0,0,0,39,0
2/24/2008,36,17,26.5,0,0,0,38.5,0
2/25/2008,34,31,32.5,0.46,3.5,0,32.5,0
2/26/2008,32,20,26,0.25,1.7,0,39,0
2/27/2008,23,15,19,0,0,0,46,0
2/28/2008,26,8,17,0.02,0.5,0,48,0
2/29/2008,38,23,30.5,0.12,1,0,34.5,0
3/1/2008,33,21,27,0,0,0,38,0
3/2/2008,57,32,44.5,0.07,0,0,20.5,0
3/3/2008,56,24,40,0.61,T,0,25,0
3/4/2008,31,21,26,0,0,0,39,0
3/5/2008,36,21,28.5,T,T,0,36.5,0
3/6/2008,32,21,26.5,T,0.1,0,38.5,0
3/7/2008,26,14,20,T,T,0,45,0
3/8/2008,25,14,19.5,0.01,0.3,0,45.5,0
3/9/2008,35,20,27.5,T,0.1,0,37.5,0
3/10/2008,35,25,30,T,0.1,0,35,0
3/11/2008,48,23,35.5,0,0,0,29.5,0
3/12/2008,44,28,36,0,0,0,29,0
3/13/2008,57,35,46,0,0,0,19,0
3/14/2008,57,30,43.5,0,0,0,21.5,0
3/15/2008,39,27,33,0,0,0,32,0
3/16/2008,37,26,31.5,0,0,0,33.5,0
3/17/2008,39,30,34.5,0.02,T,0,30.5,0
3/18/2008,42,36,39,0.06,0,0,26,0
3/19/2008,48,33,40.5,0,0,0,24.5,0
3/20/2008,49,28,38.5,0,0,0,26.5,0
3/21/2008,34,29,31.5,0.58,4.8,0,33.5,0
3/22/2008,37,27,32,0.08,0.6,0,33,0
3/23/2008,42,26,34,0,0,0,31,0
3/24/2008,39,27,33,0,0,0,32,0
3/25/2008,58,35,46.5,0,0,0,18.5,0
3/26/2008,51,31,41,0,0,0,24,0
3/27/2008,45,32,38.5,0.47,1.9,0,26.5,0
3/28/2008,40,27,33.5,T,T,0,31.5,0
3/29/2008,44,26,35,0,0,0,30,0
3/30/2008,42,36,39,0.03,0,0,26,0
3/31/2008,60,39,49.5,0.7,0,0,15.5,0
4/1/2008,58,32,45,T,0,0,20,0
4/2/2008,50,28,39,0,0,0,26,0
4/3/2008,53,35,44,0.19,0,0,21,0
4/4/2008,54,38,46,0.01,0,0,19,0
4/5/2008,63,37,50,0,0,0,15,0
4/6/2008,64,37,50.5,0,0,0,14.5,0.5
4/7/2008,53,42,47.5,0.01,0,0,17.5,0
4/8/2008,45,40,42.5,0.61,0,0,22.5,0
4/9/2008,52,37,44.5,0,0,0,20.5,0
4/10/2008,53,37,45,0.84,0,0,20,0
4/11/2008,64,40,52,0.03,0,0,13,2
4/12/2008,42,33,37.5,0.22,T,0,27.5,0
4/13/2008,42,32,37,0.04,T,0,28,0
4/14/2008,50,33,41.5,0,0,0,23.5,0
4/15/2008,59,31,45,0,0,0,20,0
4/16/2008,73,45,59,0,0,0,6,9
4/17/2008,69,45,57,0,0,0,8,7
4/18/2008,75,45,60,T,0,0,5,10
4/19/2008,65,47,56,0.06,0,0,9,6
4/20/2008,72,44,58,0,0,0,7,8
4/21/2008,75,42,58.5,0,0,0,6.5,8.5
4/22/2008,74,49,61.5,0,0,0,3.5,11.5
4/23/2008,74,53,63.5,0,0,0,1.5,13.5
4/24/2008,74,54,64,0.07,0,0,1,14
4/25/2008,82,44,63,0.23,0,0,2,13
4/26/2008,57,38,47.5,0,0,0,17.5,0
4/27/2008,54,38,46,0,0,0,19,0
4/28/2008,46,35,40.5,0.41,T,0,24.5,0
4/29/2008,44,31,37.5,0,0,0,27.5,0
4/30/2008,57,31,44,0,0,0,21,0
5/1/2008,74,48,61,0,0,0,4,11
5/2/2008,74,51,62.5,1.28,0,0,2.5,12.5
5/3/2008,56,43,49.5,T,0,0,15.5,0
5/4/2008,65,38,51.5,0,0,0,13.5,1.5
5/5/2008,75,50,62.5,0,0,0,2.5,12.5
5/6/2008,81,46,63.5,0,0,0,1.5,13.5
5/7/2008,70,49,59.5,0.76,0,0,5.5,9.5
5/8/2008,59,45,52,0,0,0,13,2
5/9/2008,58,41,49.5,0,0,0,15.5,0
5/10/2008,61,38,49.5,0,0,0,15.5,0
5/11/2008,58,46,52,0.95,0,0,13,2
5/12/2008,56,40,48,0,0,0,17,0
5/13/2008,73,40,56.5,0.08,0,0,8.5,6.5
5/14/2008,64,45,54.5,0.02,0,0,10.5,4.5
5/15/2008,57,43,50,0,0,0,15,0
5/16/2008,73,40,56.5,0,0,0,8.5,6.5
5/17/2008,73,52,62.5,0.12,0,0,2.5,12.5
5/18/2008,55,44,49.5,0,0,0,15.5,0
5/19/2008,60,40,50,T,0,0,15,0
5/20/2008,66,47,56.5,0,0,0,8.5,6.5
5/21/2008,66,41,53.5,0,0,0,11.5,3.5
5/22/2008,59,45,52,0,0,0,13,2
5/23/2008,57,46,51.5,0,0,0,13.5,1.5
5/24/2008,67,40,53.5,0,0,0,11.5,3.5
5/25/2008,78,44,61,T,0,0,4,11
5/26/2008,81,47,64,0.48,0,0,1,14
5/27/2008,50,42,46,0,0,0,19,0
5/28/2008,62,43,52.5,0,0,0,12.5,2.5
5/29/2008,67,42,54.5,0.01,0,0,10.5,4.5
5/30/2008,77,55,66,0.4,0,1,0,16
5/31/2008,79,59,69,0,0,4,0,19
6/1/2008,74,53,63.5,0,0,0,1.5,13.5
6/2/2008,86,56,71,T,0,6,0,21
6/3/2008,69,55,62,0.52,0,0,3,12
6/4/2008,78,54,66,T,0,1,0,16
6/5/2008,87,60,73.5,0.64,0,8.5,0,23.5
6/6/2008,87,73,80,T,0,15,0,30
6/7/2008,85,69,77,0.11,0,12,0,27
6/8/2008,85,64,74.5,1.24,0,9.5,0,24.5
6/9/2008,74,65,69.5,0.14,0,4.5,0,19.5
6/10/2008,79,59,69,T,0,4,0,19
6/11/2008,86,61,73.5,0,0,8.5,0,23.5
6/12/2008,91,73,82,0,0,17,0,32
6/13/2008,82,65,73.5,0.39,0,8.5,0,23.5
6/14/2008,84,59,71.5,0,0,6.5,0,21.5
6/15/2008,81,61,71,0.18,0,6,0,21
6/16/2008,72,59,65.5,0,0,0.5,0,15.5
6/17/2008,76,55,65.5,0,0,0.5,0,15.5
6/18/2008,77,56,66.5,0,0,1.5,0,16.5
6/19/2008,81,52,66.5,0,0,1.5,0,16.5
6/20/2008,82,58,70,0.09,0,5,0,20
6/21/2008,82,61,71.5,0.01,0,6.5,0,21.5
6/22/2008,82,57,69.5,0.16,0,4.5,0,19.5
6/23/2008,77,56,66.5,0,0,1.5,0,16.5
6/24/2008,82,55,68.5,0,0,3.5,0,18.5
6/25/2008,79,66,72.5,0.08,0,7.5,0,22.5
6/26/2008,86,70,78,0,0,13,0,28
6/27/2008,84,66,75,T,0,10,0,25
6/28/2008,83,64,73.5,0.04,0,8.5,0,23.5
6/29/2008,75,60,67.5,0.58,0,2.5,0,17.5
6/30/2008,80,59,69.5,0,0,4.5,0,19.5
7/1/2008,83,58,70.5,0,0,5.5,0,20.5
7/2/2008,87,63,75,0.2,0,10,0,25
7/3/2008,71,55,63,T,0,0,2,13
7/4/2008,76,52,64,0,0,0,1,14
7/5/2008,80,54,67,0,0,2,0,17
7/6/2008,87,59,73,0,0,8,0,23
7/7/2008,87,71,79,0.03,0,14,0,29
7/8/2008,85,70,77.5,0.03,0,12.5,0,27.5
7/9/2008,85,67,76,T,0,11,0,26
7/10/2008,82,64,73,0.72,0,8,0,23
7/11/2008,88,64,76,0.34,0,11,0,26
7/12/2008,81,65,73,0.73,0,8,0,23
7/13/2008,79,62,70.5,0,0,5.5,0,20.5
7/14/2008,84,62,73,0,0,8,0,23
7/15/2008,90,61,75.5,0,0,10.5,0,25.5
7/16/2008,90,71,80.5,0,0,15.5,0,30.5
7/17/2008,89,71,80,0,0,15,0,30
7/18/2008,86,74,80,0.04,0,15,0,30
7/19/2008,78,67,72.5,1.61,0,7.5,0,22.5
7/20/2008,86,68,77,0.74,0,12,0,27
7/21/2008,83,68,75.5,0.13,0,10.5,0,25.5
7/22/2008,77,63,70,T,0,5,0,20
7/23/2008,81,60,70.5,0,0,5.5,0,20.5
7/24/2008,82,59,70.5,0,0,5.5,0,20.5
7/25/2008,82,61,71.5,0,0,6.5,0,21.5
7/26/2008,84,65,74.5,0,0,9.5,0,24.5
7/27/2008,83,62,72.5,0,0,7.5,0,22.5
7/28/2008,85,66,75.5,0,0,10.5,0,25.5
7/29/2008,88,65,76.5,0.05,0,11.5,0,26.5
7/30/2008,89,72,80.5,0,0,15.5,0,30.5
7/31/2008,89,72,80.5,0.14,0,15.5,0,30.5
8/1/2008,89,68,78.5,1.05,0,13.5,0,28.5
8/2/2008,81,65,73,0,0,8,0,23
8/3/2008,84,61,72.5,0,0,7.5,0,22.5
8/4/2008,87,70,78.5,2.43,T,13.5,0,28.5
8/5/2008,87,69,78,0,0,13,0,28
8/6/2008,84,67,75.5,0,0,10.5,0,25.5
8/7/2008,82,64,73,0,0,8,0,23
8/8/2008,79,63,71,0,0,6,0,21
8/9/2008,80,62,71,T,0,6,0,21
8/10/2008,74,58,66,0,0,1,0,16
8/11/2008,77,59,68,0,0,3,0,18
8/12/2008,77,61,69,0,0,4,0,19
8/13/2008,79,66,72.5,0.06,0,7.5,0,22.5
8/14/2008,79,63,71,0,0,6,0,21
8/15/2008,78,61,69.5,0,0,4.5,0,19.5
8/16/2008,83,58,70.5,0,0,5.5,0,20.5
8/17/2008,84,63,73.5,0,0,8.5,0,23.5
8/18/2008,85,65,75,0,0,10,0,25
8/19/2008,82,63,72.5,0,0,7.5,0,22.5
8/20/2008,81,65,73,0,0,8,0,23
8/21/2008,82,68,75,T,0,10,0,25
8/22/2008,83,72,77.5,0.09,0,12.5,0,27.5
8/23/2008,87,68,77.5,0,0,12.5,0,27.5
8/24/2008,77,63,70,0,0,5,0,20
8/25/2008,74,64,69,0,0,4,0,19
8/26/2008,76,61,68.5,0,0,3.5,0,18.5
8/27/2008,83,61,72,0,0,7,0,22
8/28/2008,80,63,71.5,0.06,0,6.5,0,21.5
8/29/2008,85,64,74.5,0.04,0,9.5,0,24.5
8/30/2008,87,56,71.5,0,0,6.5,0,21.5
8/31/2008,90,60,75,0,0,10,0,25
9/1/2008,90,62,76,0,0,11,0,26
9/2/2008,94,65,79.5,0,0,14.5,0,29.5
9/3/2008,77,66,71.5,0.02,0,6.5,0,21.5
9/4/2008,67,61,64,2.9,0,0,1,14
9/5/2008,70,57,63.5,0,0,0,1.5,13.5
9/6/2008,74,53,63.5,0.01,0,0,1.5,13.5
9/7/2008,74,55,64.5,0,0,0,0.5,14.5
9/8/2008,67,52,59.5,1.23,0,0,5.5,9.5
9/9/2008,69,49,59,0,0,0,6,9
9/10/2008,72,48,60,0,0,0,5,10
9/11/2008,79,55,67,T,0,2,0,17
9/12/2008,73,69,71,0.37,0,6,0,21
9/13/2008,75,68,71.5,6.64,0,6.5,0,21.5
9/14/2008,72,58,65,1.44,0,0,0,15
9/15/2008,63,53,58,T,0,0,7,8
9/16/2008,71,49,60,0,0,0,5,10
9/17/2008,82,57,69.5,0,0,4.5,0,19.5
9/18/2008,74,56,65,0,0,0,0,15
9/19/2008,77,54,65.5,0,0,0.5,0,15.5
9/20/2008,82,56,69,0,0,4,0,19
9/21/2008,80,58,69,0,0,4,0,19
9/22/2008,81,61,71,0,0,6,0,21
9/23/2008,82,59,70.5,0,0,5.5,0,20.5
9/24/2008,82,57,69.5,0.2,0,4.5,0,19.5
9/25/2008,77,63,70,0,0,5,0,20
9/26/2008,79,59,69,0,0,4,0,19
9/27/2008,81,53,67,0,0,2,0,17
9/28/2008,68,57,62.5,0,0,0,2.5,12.5
9/29/2008,64,54,59,0.82,0,0,6,9
9/30/2008,59,48,53.5,0,0,0,11.5,3.5
10/1/2008,61,46,53.5,0,0,0,11.5,3.5
10/2/2008,61,42,51.5,0,0,0,13.5,1.5
10/3/2008,60,44,52,0.01,0,0,13,2
10/4/2008,61,38,49.5,0,0,0,15.5,0
10/5/2008,61,41,51,0.06,0,0,14,1
10/6/2008,69,54,61.5,0,0,0,3.5,11.5
10/7/2008,63,56,59.5,0.8,0,0,5.5,9.5
10/8/2008,64,50,57,0.19,0,0,8,7
10/9/2008,69,47,58,0,0,0,7,8
10/10/2008,72,42,57,0,0,0,8,7
10/11/2008,79,51,65,0,0,0,0,15
10/12/2008,84,57,70.5,0,0,5.5,0,20.5
10/13/2008,77,61,69,0,0,4,0,19
10/14/2008,69,53,61,T,0,0,4,11
10/15/2008,63,47,55,0.3,0,0,10,5
10/16/2008,59,43,51,0,0,0,14,1
10/17/2008,57,43,50,0,0,0,15,0
10/18/2008,60,43,51.5,0.05,0,0,13.5,1.5
10/19/2008,62,40,51,0,0,0,14,1
10/20/2008,55,43,49,0.18,0,0,16,0
10/21/2008,55,38,46.5,0,0,0,18.5,0
10/22/2008,52,35,43.5,0,0,0,21.5,0
10/23/2008,58,41,49.5,0.16,0,0,15.5,0
10/24/2008,54,44,49,0.32,0,0,16,0
10/25/2008,53,43,48,T,0,0,17,0
10/26/2008,56,37,46.5,T,T,0,18.5,0
10/27/2008,47,33,40,T,T,0,25,0
10/28/2008,45,31,38,0,0,0,27,0
10/29/2008,51,32,41.5,0,0,0,23.5,0
10/30/2008,62,31,46.5,0,0,0,18.5,0
10/31/2008,70,48,59,0,0,0,6,9
11/1/2008,54,48,51,0,0,0,14,1
11/2/2008,67,48,57.5,0.1,0,0,7.5,7.5
11/3/2008,73,54,63.5,0,0,0,1.5,13.5
11/4/2008,71,50,60.5,0,0,0,4.5,10.5
11/5/2008,71,47,59,0,0,0,6,9
11/6/2008,65,45,55,0.34,0,0,10,5
11/7/2008,47,35,41,0.06,T,0,24,0
11/8/2008,40,35,37.5,0.05,T,0,27.5,0
11/9/2008,39,30,34.5,T,T,0,30.5,0
11/10/2008,39,26,32.5,T,T,0,32.5,0
11/11/2008,38,23,30.5,0.29,T,0,34.5,0
11/12/2008,48,38,43,0.04,0,0,22,0
11/13/2008,55,44,49.5,0.06,0,0,15.5,0
11/14/2008,52,42,47,0.05,0,0,18,0
11/15/2008,42,35,38.5,T,T,0,26.5,0
11/16/2008,37,29,33,0.01,0.1,0,32,0
11/17/2008,36,26,31,T,0.1,0,34,0
11/18/2008,34,21,27.5,0,0,0,37.5,0
11/19/2008,44,29,36.5,0,0,0,28.5,0
11/20/2008,36,22,29,T,T,0,36,0
11/21/2008,29,17,23,0,0,0,42,0
11/22/2008,35,17,26,0,0,0,39,0
11/23/2008,45,20,32.5,0,0,0,32.5,0
11/24/2008,38,32,35,0.14,0.1,0,30,0
11/25/2008,40,28,34,0,0,0,31,0
11/26/2008,42,24,33,0,0,0,32,0
11/27/2008,45,22,33.5,0,0,0,31.5,0
11/28/2008,44,26,35,0,0,0,30,0
11/29/2008,44,20,32,0,0,0,33,0
11/30/2008,39,33,36,0.67,0.3,0,29,0
12/1/2008,33,21,27,0.42,2.7,0,38,0
12/2/2008,35,21,28,T,T,0,37,0
12/3/2008,38,20,29,0.09,1,0,36,0
12/4/2008,22,12,17,T,T,0,48,0
12/5/2008,23,7,15,T,T,0,50,0
12/6/2008,32,13,22.5,0.02,2.1,0,42.5,0
12/7/2008,20,4,12,T,T,0,53,0
12/8/2008,38,16,27,0.02,0,0,38,0
12/9/2008,38,25,31.5,1.47,2.6,0,33.5,0
12/10/2008,29,18,23.5,0,0,0,41.5,0
12/11/2008,32,17,24.5,0,0,0,40.5,0
12/12/2008,21,11,16,0,0,0,49,0
12/13/2008,39,19,29,0.19,T,0,36,0
12/14/2008,50,31,40.5,0.18,0,0,24.5,0
12/15/2008,31,5,18,0.07,0.1,0,47,0
12/16/2008,22,6,14,0.31,4.8,0,51,0
12/17/2008,20,6,13,T,T,0,52,0
12/18/2008,23,3,13,0.06,0.3,0,52,0
12/19/2008,32,22,27,0.59,2.4,0,38,0
12/20/2008,31,17,24,0.05,1.4,0,41,0
12/21/2008,16,-6,5,T,0.1,0,60,0
12/22/2008,7,-4,1.5,0,0,0,63.5,0
12/23/2008,34,7,20.5,0.27,3.8,0,44.5,0
12/24/2008,34,6,20,0.18,0.4,0,45,0
12/25/2008,24,0,12,0,0,0,53,0
12/26/2008,52,24,38,0.09,T,0,27,0
12/27/2008,61,32,46.5,1.74,0,0,18.5,0
12/28/2008,32,24,28,T,T,0,37,0
12/29/2008,43,29,36,0,0,0,29,0
12/30/2008,40,24,32,0.02,0.2,0,33,0
12/31/2008,24,11,17.5,T,T,0,47.5,0
